broadcast_name,country_code,driver_number,first_name,full_name,last_name,meeting_key,name_acronym,session_key,team_colour,team_name
M VERSTAPPEN,NED,1,Max,Max VERSTAPPEN,Verstappen,1140,VER,7763,3671C6,Red Bull Racing
S PEREZ,MEX,11,Sergio,Sergio PEREZ,Perez,1140,PER,7763,3671C6,Red Bull Racing
S PEREZ,MEX,11,Sergio,Sergio PEREZ,Perez,1140,PER,7764,3671C6,Red Bull Racing
M VERSTAPPEN,NED,1,Max,Max VERSTAPPEN,Verstappen,1140,VER,9222,3671C6,Red Bull Racing
M VERSTAPPEN,NED,1,Max,Max VERSTAPPEN,Verstappen,1141,VER,7765,3671C6,Red Bull Racing
S PEREZ,MEX,11,Sergio,Sergio PEREZ,Perez,1141,PER,7765,3671C6,Red Bull Racing
M VERSTAPPEN,NED,1,Max,Max VERSTAPPEN,Verstappen,1141,VER,7766,3671C6,Red Bull Racing
S PEREZ,MEX,11,Sergio,Sergio PEREZ,Perez,1141,PER,7766,3671C6,Red Bull Racing
M VERSTAPPEN,NED,1,Max,Max VERSTAPPEN,Verstappen,1141,VER,7767,3671C6,Red Bull Racing
S PEREZ,MEX,11,Sergio,Sergio PEREZ,Perez,1141,PER,7767,3671C6,Red Bull Racing
M VERSTAPPEN,NED,1,Max,Max VERSTAPPEN,Verstappen,1141,VER,7768,3671C6,Red Bull Racing
S PEREZ,MEX,11,Sergio,Sergio PEREZ,Perez,1141,PER,7768,3671C6,Red Bull Racing
M VERSTAPPEN,NED,1,Max,Max VERSTAPPEN,Verstappen,1141,VER,7953,3671C6,Red Bull Racing
S PEREZ,MEX,11,Sergio,Sergio PEREZ,Perez,1141,PER,7953,3671C6,Red Bull Racing
M VERSTAPPEN,NED,1,Max,Max VERSTAPPEN,Verstappen,1142,VER,7772,3671C6,Red Bull Racing
S PEREZ,MEX,11,Sergio,Sergio PEREZ,Perez,1142,PER,7772,3671C6,Red Bull Racing
M VERSTAPPEN,NED,1,Max,Max VERSTAPPEN,Verstappen,1142,VER,7773,3671C6,Red Bull Racing
S PEREZ,MEX,11,Sergio,Sergio PEREZ,Perez,1142,PER,7773,3671C6,Red Bull Racing
M VERSTAPPEN,NED,1,Max,Max VERSTAPPEN,Verstappen,1142,VER,7774,3671C6,Red Bull Racing
S PEREZ,MEX,11,Sergio,Sergio PEREZ,Perez,1142,PER,7774,3671C6,Red Bull Racing
M VERSTAPPEN,NED,1,Max,Max VERSTAPPEN,Verstappen,1142,VER,7775,3671C6,Red Bull Racing
S PEREZ,MEX,11,Sergio,Sergio PEREZ,Perez,1142,PER,7775,3671C6,Red Bull Racing
M VERSTAPPEN,NED,1,Max,Max VERSTAPPEN,Verstappen,1142,VER,7779,3671C6,Red Bull Racing
S PEREZ,MEX,11,Sergio,Sergio PEREZ,Perez,1142,PER,7779,3671C6,Red Bull Racing
M VERSTAPPEN,NED,1,Max,Max VERSTAPPEN,Verstappen,1143,VER,7780,3671C6,Red Bull Racing
S PEREZ,MEX,11,Sergio,Sergio PEREZ,Perez,1143,PER,7780,3671C6,Red Bull Racing
M VERSTAPPEN,NED,1,Max,Max VERSTAPPEN,Verstappen,1143,VER,7781,3671C6,Red Bull Racing
S PEREZ,MEX,11,Sergio,Sergio PEREZ,Perez,1143,PER,7781,3671C6,Red Bull Racing
M VERSTAPPEN,NED,1,Max,Max VERSTAPPEN,Verstappen,1143,VER,7782,3671C6,Red Bull Racing
S PEREZ,MEX,11,Sergio,Sergio PEREZ,Perez,1143,PER,7782,3671C6,Red Bull Racing
M VERSTAPPEN,NED,1,Max,Max VERSTAPPEN,Verstappen,1143,VER,7783,3671C6,Red Bull Racing
S PEREZ,MEX,11,Sergio,Sergio PEREZ,Perez,1143,PER,7783,3671C6,Red Bull Racing
M VERSTAPPEN,NED,1,Max,Max VERSTAPPEN,Verstappen,1143,VER,7787,3671C6,Red Bull Racing
S PEREZ,MEX,11,Sergio,Sergio PEREZ,Perez,1143,PER,7787,3671C6,Red Bull Racing
M VERSTAPPEN,NED,1,Max,Max VERSTAPPEN,Verstappen,1207,VER,9063,3671C6,Red Bull Racing
S PEREZ,MEX,11,Sergio,Sergio PEREZ,Perez,1207,PER,9063,3671C6,Red Bull Racing
M VERSTAPPEN,NED,1,Max,Max VERSTAPPEN,Verstappen,1207,VER,9064,3671C6,Red Bull Racing
S PEREZ,MEX,11,Sergio,Sergio PEREZ,Perez,1207,PER,9064,3671C6,Red Bull Racing
M VERSTAPPEN,NED,1,Max,Max VERSTAPPEN,Verstappen,1207,VER,9069,3671C6,Red Bull Racing
S PEREZ,MEX,11,Sergio,Sergio PEREZ,Perez,1207,PER,9069,3671C6,Red Bull Racing
M VERSTAPPEN,NED,1,Max,Max VERSTAPPEN,Verstappen,1207,VER,9070,3671C6,Red Bull Racing
S PEREZ,MEX,11,Sergio,Sergio PEREZ,Perez,1207,PER,9070,3671C6,Red Bull Racing
M VERSTAPPEN,NED,1,Max,Max VERSTAPPEN,Verstappen,1207,VER,9278,3671C6,Red Bull Racing
S PEREZ,MEX,11,Sergio,Sergio PEREZ,Perez,1207,PER,9278,3671C6,Red Bull Racing
M VERSTAPPEN,NED,1,Max,Max VERSTAPPEN,Verstappen,1208,VER,9071,3671C6,Red Bull Racing
S PEREZ,MEX,11,Sergio,Sergio PEREZ,Perez,1208,PER,9071,3671C6,Red Bull Racing
M VERSTAPPEN,NED,1,Max,Max VERSTAPPEN,Verstappen,1208,VER,9072,3671C6,Red Bull Racing
S PEREZ,MEX,11,Sergio,Sergio PEREZ,Perez,1208,PER,9072,3671C6,Red Bull Racing
M VERSTAPPEN,NED,1,Max,Max VERSTAPPEN,Verstappen,1208,VER,9073,3671C6,Red Bull Racing
S PEREZ,MEX,11,Sergio,Sergio PEREZ,Perez,1208,PER,9073,3671C6,Red Bull Racing
M VERSTAPPEN,NED,1,Max,Max VERSTAPPEN,Verstappen,1208,VER,9074,3671C6,Red Bull Racing
S PEREZ,MEX,11,Sergio,Sergio PEREZ,Perez,1208,PER,9074,3671C6,Red Bull Racing
M VERSTAPPEN,NED,1,Max,Max VERSTAPPEN,Verstappen,1208,VER,9078,3671C6,Red Bull Racing
S PEREZ,MEX,11,Sergio,Sergio PEREZ,Perez,1208,PER,9078,3671C6,Red Bull Racing
M VERSTAPPEN,NED,1,Max,Max VERSTAPPEN,Verstappen,1210,VER,9087,3671C6,Red Bull Racing
S PEREZ,MEX,11,Sergio,Sergio PEREZ,Perez,1210,PER,9087,3671C6,Red Bull Racing
M VERSTAPPEN,NED,1,Max,Max VERSTAPPEN,Verstappen,1210,VER,9088,3671C6,Red Bull Racing
S PEREZ,MEX,11,Sergio,Sergio PEREZ,Perez,1210,PER,9088,3671C6,Red Bull Racing
M VERSTAPPEN,NED,1,Max,Max VERSTAPPEN,Verstappen,1210,VER,9089,3671C6,Red Bull Racing
S PEREZ,MEX,11,Sergio,Sergio PEREZ,Perez,1210,PER,9089,3671C6,Red Bull Racing
M VERSTAPPEN,NED,1,Max,Max VERSTAPPEN,Verstappen,1210,VER,9090,3671C6,Red Bull Racing
S PEREZ,MEX,11,Sergio,Sergio PEREZ,Perez,1210,PER,9090,3671C6,Red Bull Racing
M VERSTAPPEN,NED,1,Max,Max VERSTAPPEN,Verstappen,1210,VER,9094,3671C6,Red Bull Racing
S PEREZ,MEX,11,Sergio,Sergio PEREZ,Perez,1210,PER,9094,3671C6,Red Bull Racing
M VERSTAPPEN,NED,1,Max,Max VERSTAPPEN,Verstappen,1211,VER,9095,3671C6,Red Bull Racing
S PEREZ,MEX,11,Sergio,Sergio PEREZ,Perez,1211,PER,9095,3671C6,Red Bull Racing
M VERSTAPPEN,NED,1,Max,Max VERSTAPPEN,Verstappen,1211,VER,9096,3671C6,Red Bull Racing
S PEREZ,MEX,11,Sergio,Sergio PEREZ,Perez,1211,PER,9096,3671C6,Red Bull Racing
M VERSTAPPEN,NED,1,Max,Max VERSTAPPEN,Verstappen,1211,VER,9097,3671C6,Red Bull Racing
S PEREZ,MEX,11,Sergio,Sergio PEREZ,Perez,1211,PER,9097,3671C6,Red Bull Racing
M VERSTAPPEN,NED,1,Max,Max VERSTAPPEN,Verstappen,1211,VER,9098,3671C6,Red Bull Racing
S PEREZ,MEX,11,Sergio,Sergio PEREZ,Perez,1211,PER,9098,3671C6,Red Bull Racing
M VERSTAPPEN,NED,1,Max,Max VERSTAPPEN,Verstappen,1211,VER,9102,3671C6,Red Bull Racing
S PEREZ,MEX,11,Sergio,Sergio PEREZ,Perez,1211,PER,9102,3671C6,Red Bull Racing
M VERSTAPPEN,NED,1,Max,Max VERSTAPPEN,Verstappen,1212,VER,9103,3671C6,Red Bull Racing
S PEREZ,MEX,11,Sergio,Sergio PEREZ,Perez,1212,PER,9103,3671C6,Red Bull Racing
M VERSTAPPEN,NED,1,Max,Max VERSTAPPEN,Verstappen,1212,VER,9104,3671C6,Red Bull Racing
S PEREZ,MEX,11,Sergio,Sergio PEREZ,Perez,1212,PER,9104,3671C6,Red Bull Racing
M VERSTAPPEN,NED,1,Max,Max VERSTAPPEN,Verstappen,1212,VER,9105,3671C6,Red Bull Racing
S PEREZ,MEX,11,Sergio,Sergio PEREZ,Perez,1212,PER,9105,3671C6,Red Bull Racing
M VERSTAPPEN,NED,1,Max,Max VERSTAPPEN,Verstappen,1212,VER,9106,3671C6,Red Bull Racing
S PEREZ,MEX,11,Sergio,Sergio PEREZ,Perez,1212,PER,9106,3671C6,Red Bull Racing
M VERSTAPPEN,NED,1,Max,Max VERSTAPPEN,Verstappen,1212,VER,9110,3671C6,Red Bull Racing
S PEREZ,MEX,11,Sergio,Sergio PEREZ,Perez,1212,PER,9110,3671C6,Red Bull Racing
M VERSTAPPEN,NED,1,Max,Max VERSTAPPEN,Verstappen,1213,VER,9111,3671C6,Red Bull Racing
S PEREZ,MEX,11,Sergio,Sergio PEREZ,Perez,1213,PER,9111,3671C6,Red Bull Racing
M VERSTAPPEN,NED,1,Max,Max VERSTAPPEN,Verstappen,1213,VER,9112,3671C6,Red Bull Racing
S PEREZ,MEX,11,Sergio,Sergio PEREZ,Perez,1213,PER,9112,3671C6,Red Bull Racing
M VERSTAPPEN,NED,1,Max,Max VERSTAPPEN,Verstappen,1213,VER,9117,3671C6,Red Bull Racing
S PEREZ,MEX,11,Sergio,Sergio PEREZ,Perez,1213,PER,9117,3671C6,Red Bull Racing
M VERSTAPPEN,NED,1,Max,Max VERSTAPPEN,Verstappen,1213,VER,9118,3671C6,Red Bull Racing
S PEREZ,MEX,11,Sergio,Sergio PEREZ,Perez,1213,PER,9118,3671C6,Red Bull Racing
M VERSTAPPEN,NED,1,Max,Max VERSTAPPEN,Verstappen,1213,VER,9282,3671C6,Red Bull Racing
S PEREZ,MEX,11,Sergio,Sergio PEREZ,Perez,1213,PER,9282,3671C6,Red Bull Racing
M VERSTAPPEN,NED,1,Max,Max VERSTAPPEN,Verstappen,1214,VER,9119,3671C6,Red Bull Racing
S PEREZ,MEX,11,Sergio,Sergio PEREZ,Perez,1214,PER,9119,3671C6,Red Bull Racing
M VERSTAPPEN,NED,1,Max,Max VERSTAPPEN,Verstappen,1214,VER,9120,3671C6,Red Bull Racing
S PEREZ,MEX,11,Sergio,Sergio PEREZ,Perez,1214,PER,9120,3671C6,Red Bull Racing
M VERSTAPPEN,NED,1,Max,Max VERSTAPPEN,Verstappen,1214,VER,9121,3671C6,Red Bull Racing
S PEREZ,MEX,11,Sergio,Sergio PEREZ,Perez,1214,PER,9121,3671C6,Red Bull Racing
M VERSTAPPEN,NED,1,Max,Max VERSTAPPEN,Verstappen,1214,VER,9122,3671C6,Red Bull Racing
S PEREZ,MEX,11,Sergio,Sergio PEREZ,Perez,1214,PER,9122,3671C6,Red Bull Racing
M VERSTAPPEN,NED,1,Max,Max VERSTAPPEN,Verstappen,1214,VER,9126,3671C6,Red Bull Racing
S PEREZ,MEX,11,Sergio,Sergio PEREZ,Perez,1214,PER,9126,3671C6,Red Bull Racing
M VERSTAPPEN,NED,1,Max,Max VERSTAPPEN,Verstappen,1215,VER,9127,3671C6,Red Bull Racing
S PEREZ,MEX,11,Sergio,Sergio PEREZ,Perez,1215,PER,9127,3671C6,Red Bull Racing
M VERSTAPPEN,NED,1,Max,Max VERSTAPPEN,Verstappen,1215,VER,9128,3671C6,Red Bull Racing
S PEREZ,MEX,11,Sergio,Sergio PEREZ,Perez,1215,PER,9128,3671C6,Red Bull Racing
M VERSTAPPEN,NED,1,Max,Max VERSTAPPEN,Verstappen,1215,VER,9129,3671C6,Red Bull Racing
S PEREZ,MEX,11,Sergio,Sergio PEREZ,Perez,1215,PER,9129,3671C6,Red Bull Racing
M VERSTAPPEN,NED,1,Max,Max VERSTAPPEN,Verstappen,1215,VER,9133,3671C6,Red Bull Racing
S PEREZ,MEX,11,Sergio,Sergio PEREZ,Perez,1215,PER,9133,3671C6,Red Bull Racing
P ARON,NED,1,Max,Paul ARON,Verstappen,1215,ARO,9223,3671C6,Red Bull Racing
M BOYA,MEX,11,Sergio,Mari BOYA,Perez,1215,BOY,9223,3671C6,Red Bull Racing
M VERSTAPPEN,NED,1,Max,Max VERSTAPPEN,Verstappen,1216,VER,9134,3671C6,Red Bull Racing
S PEREZ,MEX,11,Sergio,Sergio PEREZ,Perez,1216,PER,9134,3671C6,Red Bull Racing
M VERSTAPPEN,NED,1,Max,Max VERSTAPPEN,Verstappen,1216,VER,9135,3671C6,Red Bull Racing
S PEREZ,MEX,11,Sergio,Sergio PEREZ,Perez,1216,PER,9135,3671C6,Red Bull Racing
M VERSTAPPEN,NED,1,Max,Max VERSTAPPEN,Verstappen,1216,VER,9140,3671C6,Red Bull Racing
S PEREZ,MEX,11,Sergio,Sergio PEREZ,Perez,1216,PER,9140,3671C6,Red Bull Racing
M VERSTAPPEN,NED,1,Max,Max VERSTAPPEN,Verstappen,1216,VER,9141,3671C6,Red Bull Racing
S PEREZ,MEX,11,Sergio,Sergio PEREZ,Perez,1216,PER,9141,3671C6,Red Bull Racing
M VERSTAPPEN,NED,1,Max,Max VERSTAPPEN,Verstappen,1216,VER,9286,3671C6,Red Bull Racing
S PEREZ,MEX,11,Sergio,Sergio PEREZ,Perez,1216,PER,9286,3671C6,Red Bull Racing
M VERSTAPPEN,NED,1,Max,Max VERSTAPPEN,Verstappen,1217,VER,9142,3671C6,Red Bull Racing
S PEREZ,MEX,11,Sergio,Sergio PEREZ,Perez,1217,PER,9142,3671C6,Red Bull Racing
M VERSTAPPEN,NED,1,Max,Max VERSTAPPEN,Verstappen,1217,VER,9143,3671C6,Red Bull Racing
S PEREZ,MEX,11,Sergio,Sergio PEREZ,Perez,1217,PER,9143,3671C6,Red Bull Racing
M VERSTAPPEN,NED,1,Max,Max VERSTAPPEN,Verstappen,1217,VER,9144,3671C6,Red Bull Racing
S PEREZ,MEX,11,Sergio,Sergio PEREZ,Perez,1217,PER,9144,3671C6,Red Bull Racing
M VERSTAPPEN,NED,1,Max,Max VERSTAPPEN,Verstappen,1217,VER,9145,3671C6,Red Bull Racing
S PEREZ,MEX,11,Sergio,Sergio PEREZ,Perez,1217,PER,9145,3671C6,Red Bull Racing
M VERSTAPPEN,NED,1,Max,Max VERSTAPPEN,Verstappen,1217,VER,9149,3671C6,Red Bull Racing
S PEREZ,MEX,11,Sergio,Sergio PEREZ,Perez,1217,PER,9149,3671C6,Red Bull Racing
M VERSTAPPEN,NED,1,Max,Max VERSTAPPEN,Verstappen,1218,VER,9150,3671C6,Red Bull Racing
S PEREZ,MEX,11,Sergio,Sergio PEREZ,Perez,1218,PER,9150,3671C6,Red Bull Racing
M VERSTAPPEN,NED,1,Max,Max VERSTAPPEN,Verstappen,1218,VER,9151,3671C6,Red Bull Racing
S PEREZ,MEX,11,Sergio,Sergio PEREZ,Perez,1218,PER,9151,3671C6,Red Bull Racing
M VERSTAPPEN,NED,1,Max,Max VERSTAPPEN,Verstappen,1218,VER,9152,3671C6,Red Bull Racing
S PEREZ,MEX,11,Sergio,Sergio PEREZ,Perez,1218,PER,9152,3671C6,Red Bull Racing
M VERSTAPPEN,NED,1,Max,Max VERSTAPPEN,Verstappen,1218,VER,9153,3671C6,Red Bull Racing
S PEREZ,MEX,11,Sergio,Sergio PEREZ,Perez,1218,PER,9153,3671C6,Red Bull Racing
M VERSTAPPEN,NED,1,Max,Max VERSTAPPEN,Verstappen,1218,VER,9157,3671C6,Red Bull Racing
S PEREZ,MEX,11,Sergio,Sergio PEREZ,Perez,1218,PER,9157,3671C6,Red Bull Racing
M VERSTAPPEN,NED,1,Max,Max VERSTAPPEN,Verstappen,1219,VER,9158,3671C6,Red Bull Racing
S PEREZ,MEX,11,Sergio,Sergio PEREZ,Perez,1219,PER,9158,3671C6,Red Bull Racing
M VERSTAPPEN,NED,1,Max,Max VERSTAPPEN,Verstappen,1219,VER,9159,3671C6,Red Bull Racing
S PEREZ,MEX,11,Sergio,Sergio PEREZ,Perez,1219,PER,9159,3671C6,Red Bull Racing
M VERSTAPPEN,NED,1,Max,Max VERSTAPPEN,Verstappen,1219,VER,9160,3671C6,Red Bull Racing
S PEREZ,MEX,11,Sergio,Sergio PEREZ,Perez,1219,PER,9160,3671C6,Red Bull Racing
M VERSTAPPEN,NED,1,Max,Max VERSTAPPEN,Verstappen,1219,VER,9161,3671C6,Red Bull Racing
S PEREZ,MEX,11,Sergio,Sergio PEREZ,Perez,1219,PER,9161,3671C6,Red Bull Racing
M VERSTAPPEN,NED,1,Max,Max VERSTAPPEN,Verstappen,1219,VER,9165,3671C6,Red Bull Racing
S PEREZ,MEX,11,Sergio,Sergio PEREZ,Perez,1219,PER,9165,3671C6,Red Bull Racing
M VERSTAPPEN,NED,1,Max,Max VERSTAPPEN,Verstappen,1220,VER,9166,3671C6,Red Bull Racing
S PEREZ,MEX,11,Sergio,Sergio PEREZ,Perez,1220,PER,9166,3671C6,Red Bull Racing
M VERSTAPPEN,NED,1,Max,Max VERSTAPPEN,Verstappen,1220,VER,9167,3671C6,Red Bull Racing
S PEREZ,MEX,11,Sergio,Sergio PEREZ,Perez,1220,PER,9167,3671C6,Red Bull Racing
M VERSTAPPEN,NED,1,Max,Max VERSTAPPEN,Verstappen,1220,VER,9168,3671C6,Red Bull Racing
S PEREZ,MEX,11,Sergio,Sergio PEREZ,Perez,1220,PER,9168,3671C6,Red Bull Racing
M VERSTAPPEN,NED,1,Max,Max VERSTAPPEN,Verstappen,1220,VER,9169,3671C6,Red Bull Racing
S PEREZ,MEX,11,Sergio,Sergio PEREZ,Perez,1220,PER,9169,3671C6,Red Bull Racing
M VERSTAPPEN,NED,1,Max,Max VERSTAPPEN,Verstappen,1220,VER,9173,3671C6,Red Bull Racing
S PEREZ,MEX,11,Sergio,Sergio PEREZ,Perez,1220,PER,9173,3671C6,Red Bull Racing
M VERSTAPPEN,NED,1,Max,Max VERSTAPPEN,Verstappen,1221,VER,9214,3671C6,Red Bull Racing
S PEREZ,MEX,11,Sergio,Sergio PEREZ,Perez,1221,PER,9214,3671C6,Red Bull Racing
M VERSTAPPEN,NED,1,Max,Max VERSTAPPEN,Verstappen,1221,VER,9215,3671C6,Red Bull Racing
S PEREZ,MEX,11,Sergio,Sergio PEREZ,Perez,1221,PER,9215,3671C6,Red Bull Racing
M VERSTAPPEN,NED,1,Max,Max VERSTAPPEN,Verstappen,1221,VER,9220,3671C6,Red Bull Racing
S PEREZ,MEX,11,Sergio,Sergio PEREZ,Perez,1221,PER,9220,3671C6,Red Bull Racing
M VERSTAPPEN,NED,1,Max,Max VERSTAPPEN,Verstappen,1221,VER,9221,3671C6,Red Bull Racing
S PEREZ,MEX,11,Sergio,Sergio PEREZ,Perez,1221,PER,9221,3671C6,Red Bull Racing
M VERSTAPPEN,NED,1,Max,Max VERSTAPPEN,Verstappen,1221,VER,9298,3671C6,Red Bull Racing
S PEREZ,MEX,11,Sergio,Sergio PEREZ,Perez,1221,PER,9298,3671C6,Red Bull Racing
M VERSTAPPEN,NED,1,Max,Max VERSTAPPEN,Verstappen,1222,VER,9206,3671C6,Red Bull Racing
S PEREZ,MEX,11,Sergio,Sergio PEREZ,Perez,1222,PER,9206,3671C6,Red Bull Racing
M VERSTAPPEN,NED,1,Max,Max VERSTAPPEN,Verstappen,1222,VER,9207,3671C6,Red Bull Racing
S PEREZ,MEX,11,Sergio,Sergio PEREZ,Perez,1222,PER,9207,3671C6,Red Bull Racing
M VERSTAPPEN,NED,1,Max,Max VERSTAPPEN,Verstappen,1222,VER,9212,3671C6,Red Bull Racing
S PEREZ,MEX,11,Sergio,Sergio PEREZ,Perez,1222,PER,9212,3671C6,Red Bull Racing
M VERSTAPPEN,NED,1,Max,Max VERSTAPPEN,Verstappen,1222,VER,9213,3671C6,Red Bull Racing
S PEREZ,MEX,11,Sergio,Sergio PEREZ,Perez,1222,PER,9213,3671C6,Red Bull Racing
M VERSTAPPEN,NED,1,Max,Max VERSTAPPEN,Verstappen,1222,VER,9294,3671C6,Red Bull Racing
S PEREZ,MEX,11,Sergio,Sergio PEREZ,Perez,1222,PER,9294,3671C6,Red Bull Racing
M VERSTAPPEN,NED,1,Max,Max VERSTAPPEN,Verstappen,1223,VER,9174,3671C6,Red Bull Racing
S PEREZ,MEX,11,Sergio,Sergio PEREZ,Perez,1223,PER,9174,3671C6,Red Bull Racing
M VERSTAPPEN,NED,1,Max,Max VERSTAPPEN,Verstappen,1223,VER,9175,3671C6,Red Bull Racing
S PEREZ,MEX,11,Sergio,Sergio PEREZ,Perez,1223,PER,9175,3671C6,Red Bull Racing
M VERSTAPPEN,NED,1,Max,Max VERSTAPPEN,Verstappen,1223,VER,9176,3671C6,Red Bull Racing
S PEREZ,MEX,11,Sergio,Sergio PEREZ,Perez,1223,PER,9176,3671C6,Red Bull Racing
M VERSTAPPEN,NED,1,Max,Max VERSTAPPEN,Verstappen,1223,VER,9177,3671C6,Red Bull Racing
S PEREZ,MEX,11,Sergio,Sergio PEREZ,Perez,1223,PER,9177,3671C6,Red Bull Racing
M VERSTAPPEN,NED,1,Max,Max VERSTAPPEN,Verstappen,1223,VER,9181,3671C6,Red Bull Racing
S PEREZ,MEX,11,Sergio,Sergio PEREZ,Perez,1223,PER,9181,3671C6,Red Bull Racing
M VERSTAPPEN,NED,1,Max,Max VERSTAPPEN,Verstappen,1224,VER,9198,3671C6,Red Bull Racing
S PEREZ,MEX,11,Sergio,Sergio PEREZ,Perez,1224,PER,9198,3671C6,Red Bull Racing
M VERSTAPPEN,NED,1,Max,Max VERSTAPPEN,Verstappen,1224,VER,9204,3671C6,Red Bull Racing
S PEREZ,MEX,11,Sergio,Sergio PEREZ,Perez,1224,PER,9204,3671C6,Red Bull Racing
M VERSTAPPEN,NED,1,Max,Max VERSTAPPEN,Verstappen,1224,VER,9205,3671C6,Red Bull Racing
S PEREZ,MEX,11,Sergio,Sergio PEREZ,Perez,1224,PER,9205,3671C6,Red Bull Racing
M VERSTAPPEN,NED,1,Max,Max VERSTAPPEN,Verstappen,1224,VER,9304,3671C6,Red Bull Racing
S PEREZ,MEX,11,Sergio,Sergio PEREZ,Perez,1224,PER,9304,3671C6,Red Bull Racing
M VERSTAPPEN,NED,1,Max,Max VERSTAPPEN,Verstappen,1224,VER,9308,3671C6,Red Bull Racing
S PEREZ,MEX,11,Sergio,Sergio PEREZ,Perez,1224,PER,9308,3671C6,Red Bull Racing
M VERSTAPPEN,NED,1,Max,Max VERSTAPPEN,Verstappen,1225,VER,9182,3671C6,Red Bull Racing
S PEREZ,MEX,11,Sergio,Sergio PEREZ,Perez,1225,PER,9182,3671C6,Red Bull Racing
M VERSTAPPEN,NED,1,Max,Max VERSTAPPEN,Verstappen,1225,VER,9183,3671C6,Red Bull Racing
S PEREZ,MEX,11,Sergio,Sergio PEREZ,Perez,1225,PER,9183,3671C6,Red Bull Racing
M VERSTAPPEN,NED,1,Max,Max VERSTAPPEN,Verstappen,1225,VER,9184,3671C6,Red Bull Racing
S PEREZ,MEX,11,Sergio,Sergio PEREZ,Perez,1225,PER,9184,3671C6,Red Bull Racing
M VERSTAPPEN,NED,1,Max,Max VERSTAPPEN,Verstappen,1225,VER,9189,3671C6,Red Bull Racing
S PEREZ,MEX,11,Sergio,Sergio PEREZ,Perez,1225,PER,9189,3671C6,Red Bull Racing
M VERSTAPPEN,NED,1,Max,Max VERSTAPPEN,Verstappen,1225,VER,9314,3671C6,Red Bull Racing
S PEREZ,MEX,11,Sergio,Sergio PEREZ,Perez,1225,PER,9314,3671C6,Red Bull Racing
J DENNIS,GBR,36,Jake,Jake DENNIS,Dennis,1226,DEN,9190,3671C6,Red Bull Racing
I HADJAR,FRA,37,Isack,Isack HADJAR,Hadjar,1226,HAD,9190,3671C6,Red Bull Racing
M VERSTAPPEN,NED,1,Max,Max VERSTAPPEN,Verstappen,1226,VER,9191,3671C6,Red Bull Racing
S PEREZ,MEX,11,Sergio,Sergio PEREZ,Perez,1226,PER,9191,3671C6,Red Bull Racing
M VERSTAPPEN,NED,1,Max,Max VERSTAPPEN,Verstappen,1226,VER,9192,3671C6,Red Bull Racing
S PEREZ,MEX,11,Sergio,Sergio PEREZ,Perez,1226,PER,9192,3671C6,Red Bull Racing
M VERSTAPPEN,NED,1,Max,Max VERSTAPPEN,Verstappen,1226,VER,9193,3671C6,Red Bull Racing
S PEREZ,MEX,11,Sergio,Sergio PEREZ,Perez,1226,PER,9193,3671C6,Red Bull Racing
M VERSTAPPEN,NED,1,Max,Max VERSTAPPEN,Verstappen,1226,VER,9197,3671C6,Red Bull Racing
S PEREZ,MEX,11,Sergio,Sergio PEREZ,Perez,1226,PER,9197,3671C6,Red Bull Racing
M VERSTAPPEN,NED,1,Max,Max VERSTAPPEN,Verstappen,1228,VER,9462,3671c6,Red Bull Racing
S PEREZ,MEX,11,Sergio,Sergio PEREZ,Perez,1228,PER,9462,3671c6,Red Bull Racing
M VERSTAPPEN,NED,1,Max,Max VERSTAPPEN,Verstappen,1228,VER,9463,3671c6,Red Bull Racing
S PEREZ,MEX,11,Sergio,Sergio PEREZ,Perez,1228,PER,9463,3671c6,Red Bull Racing
M VERSTAPPEN,NED,1,Max,Max VERSTAPPEN,Verstappen,1228,VER,9464,3671c6,Red Bull Racing
S PEREZ,MEX,11,Sergio,Sergio PEREZ,Perez,1228,PER,9464,3671c6,Red Bull Racing
M VERSTAPPEN,NED,1,Max,Max VERSTAPPEN,Verstappen,1229,VER,9465,3671c6,Red Bull Racing
S PEREZ,MEX,11,Sergio,Sergio PEREZ,Perez,1229,PER,9465,3671c6,Red Bull Racing
M VERSTAPPEN,NED,1,Max,Max VERSTAPPEN,Verstappen,1229,VER,9466,3671c6,Red Bull Racing
S PEREZ,MEX,11,Sergio,Sergio PEREZ,Perez,1229,PER,9466,3671c6,Red Bull Racing
M VERSTAPPEN,NED,1,Max,Max VERSTAPPEN,Verstappen,1229,VER,9467,3671c6,Red Bull Racing
S PEREZ,MEX,11,Sergio,Sergio PEREZ,Perez,1229,PER,9467,3671c6,Red Bull Racing
M VERSTAPPEN,NED,1,Max,Max VERSTAPPEN,Verstappen,1229,VER,9468,3671c6,Red Bull Racing
S PEREZ,MEX,11,Sergio,Sergio PEREZ,Perez,1229,PER,9468,3671c6,Red Bull Racing
M VERSTAPPEN,NED,1,Max,Max VERSTAPPEN,Verstappen,1229,VER,9472,3671c6,Red Bull Racing
S PEREZ,MEX,11,Sergio,Sergio PEREZ,Perez,1229,PER,9472,3671c6,Red Bull Racing
M VERSTAPPEN,NED,1,Max,Max VERSTAPPEN,Verstappen,1230,VER,9473,3671c6,Red Bull Racing
S PEREZ,MEX,11,Sergio,Sergio PEREZ,Perez,1230,PER,9473,3671c6,Red Bull Racing
M VERSTAPPEN,NED,1,Max,Max VERSTAPPEN,Verstappen,1230,VER,9474,3671c6,Red Bull Racing
S PEREZ,MEX,11,Sergio,Sergio PEREZ,Perez,1230,PER,9474,3671c6,Red Bull Racing
M VERSTAPPEN,NED,1,Max,Max VERSTAPPEN,Verstappen,1230,VER,9475,3671c6,Red Bull Racing
S PEREZ,MEX,11,Sergio,Sergio PEREZ,Perez,1230,PER,9475,3671c6,Red Bull Racing
M VERSTAPPEN,NED,1,Max,Max VERSTAPPEN,Verstappen,1230,VER,9476,3671c6,Red Bull Racing
S PEREZ,MEX,11,Sergio,Sergio PEREZ,Perez,1230,PER,9476,3671c6,Red Bull Racing
M VERSTAPPEN,NED,1,Max,Max VERSTAPPEN,Verstappen,1230,VER,9480,3671c6,Red Bull Racing
S PEREZ,MEX,11,Sergio,Sergio PEREZ,Perez,1230,PER,9480,3671c6,Red Bull Racing
M VERSTAPPEN,NED,1,Max,Max VERSTAPPEN,Verstappen,1231,VER,9481,3671C6,Red Bull Racing
S PEREZ,MEX,11,Sergio,Sergio PEREZ,Perez,1231,PER,9481,3671C6,Red Bull Racing
M VERSTAPPEN,NED,1,Max,Max VERSTAPPEN,Verstappen,1231,VER,9482,3671C6,Red Bull Racing
S PEREZ,MEX,11,Sergio,Sergio PEREZ,Perez,1231,PER,9482,3671C6,Red Bull Racing
M VERSTAPPEN,NED,1,Max,Max VERSTAPPEN,Verstappen,1231,VER,9483,3671C6,Red Bull Racing
S PEREZ,MEX,11,Sergio,Sergio PEREZ,Perez,1231,PER,9483,3671C6,Red Bull Racing
M VERSTAPPEN,NED,1,Max,Max VERSTAPPEN,Verstappen,1231,VER,9484,3671C6,Red Bull Racing
S PEREZ,MEX,11,Sergio,Sergio PEREZ,Perez,1231,PER,9484,3671C6,Red Bull Racing
M VERSTAPPEN,NED,1,Max,Max VERSTAPPEN,Verstappen,1231,VER,9488,3671C6,Red Bull Racing
S PEREZ,MEX,11,Sergio,Sergio PEREZ,Perez,1231,PER,9488,3671C6,Red Bull Racing
M VERSTAPPEN,NED,1,Max,Max VERSTAPPEN,Verstappen,1232,VER,9489,3671C6,Red Bull Racing
S PEREZ,MEX,11,Sergio,Sergio PEREZ,Perez,1232,PER,9489,3671C6,Red Bull Racing
M VERSTAPPEN,NED,1,Max,Max VERSTAPPEN,Verstappen,1232,VER,9490,3671C6,Red Bull Racing
S PEREZ,MEX,11,Sergio,Sergio PEREZ,Perez,1232,PER,9490,3671C6,Red Bull Racing
M VERSTAPPEN,NED,1,Max,Max VERSTAPPEN,Verstappen,1232,VER,9491,3671C6,Red Bull Racing
S PEREZ,MEX,11,Sergio,Sergio PEREZ,Perez,1232,PER,9491,3671C6,Red Bull Racing
M VERSTAPPEN,NED,1,Max,Max VERSTAPPEN,Verstappen,1232,VER,9492,3671C6,Red Bull Racing
S PEREZ,MEX,11,Sergio,Sergio PEREZ,Perez,1232,PER,9492,3671C6,Red Bull Racing
M VERSTAPPEN,NED,1,Max,Max VERSTAPPEN,Verstappen,1232,VER,9496,3671C6,Red Bull Racing
S PEREZ,MEX,11,Sergio,Sergio PEREZ,Perez,1232,PER,9496,3671C6,Red Bull Racing
M VERSTAPPEN,NED,1,Max,Max VERSTAPPEN,Verstappen,1233,VER,9663,3671C6,Red Bull Racing
S PEREZ,MEX,11,Sergio,Sergio PEREZ,Perez,1233,PER,9663,3671C6,Red Bull Racing
M VERSTAPPEN,NED,1,Max,Max VERSTAPPEN,Verstappen,1233,VER,9664,3671C6,Red Bull Racing
S PEREZ,MEX,11,Sergio,Sergio PEREZ,Perez,1233,PER,9664,3671C6,Red Bull Racing
M VERSTAPPEN,NED,1,Max,Max VERSTAPPEN,Verstappen,1233,VER,9668,3671C6,Red Bull Racing
S PEREZ,MEX,11,Sergio,Sergio PEREZ,Perez,1233,PER,9668,3671C6,Red Bull Racing
M VERSTAPPEN,NED,1,Max,Max VERSTAPPEN,Verstappen,1233,VER,9672,3671C6,Red Bull Racing
S PEREZ,MEX,11,Sergio,Sergio PEREZ,Perez,1233,PER,9672,3671C6,Red Bull Racing
M VERSTAPPEN,NED,1,Max,Max VERSTAPPEN,Verstappen,1233,VER,9673,3671C6,Red Bull Racing
S PEREZ,MEX,11,Sergio,Sergio PEREZ,Perez,1233,PER,9673,3671C6,Red Bull Racing
M VERSTAPPEN,NED,1,Max,Max VERSTAPPEN,Verstappen,1234,VER,9497,3671C6,Red Bull Racing
S PEREZ,MEX,11,Sergio,Sergio PEREZ,Perez,1234,PER,9497,3671C6,Red Bull Racing
M VERSTAPPEN,NED,1,Max,Max VERSTAPPEN,Verstappen,1234,VER,9498,3671C6,Red Bull Racing
S PEREZ,MEX,11,Sergio,Sergio PEREZ,Perez,1234,PER,9498,3671C6,Red Bull Racing
M VERSTAPPEN,NED,1,Max,Max VERSTAPPEN,Verstappen,1234,VER,9502,3671C6,Red Bull Racing
S PEREZ,MEX,11,Sergio,Sergio PEREZ,Perez,1234,PER,9502,3671C6,Red Bull Racing
M VERSTAPPEN,NED,1,Max,Max VERSTAPPEN,Verstappen,1234,VER,9506,3671C6,Red Bull Racing
S PEREZ,MEX,11,Sergio,Sergio PEREZ,Perez,1234,PER,9506,3671C6,Red Bull Racing
M VERSTAPPEN,NED,1,Max,Max VERSTAPPEN,Verstappen,1234,VER,9507,3671C6,Red Bull Racing
S PEREZ,MEX,11,Sergio,Sergio PEREZ,Perez,1234,PER,9507,3671C6,Red Bull Racing
M VERSTAPPEN,NED,1,Max,Max VERSTAPPEN,Verstappen,1235,VER,9508,3671C6,Red Bull Racing
S PEREZ,MEX,11,Sergio,Sergio PEREZ,Perez,1235,PER,9508,3671C6,Red Bull Racing
M VERSTAPPEN,NED,1,Max,Max VERSTAPPEN,Verstappen,1235,VER,9509,3671C6,Red Bull Racing
S PEREZ,MEX,11,Sergio,Sergio PEREZ,Perez,1235,PER,9509,3671C6,Red Bull Racing
M VERSTAPPEN,NED,1,Max,Max VERSTAPPEN,Verstappen,1235,VER,9510,3671C6,Red Bull Racing
S PEREZ,MEX,11,Sergio,Sergio PEREZ,Perez,1235,PER,9510,3671C6,Red Bull Racing
M VERSTAPPEN,NED,1,Max,Max VERSTAPPEN,Verstappen,1235,VER,9511,3671C6,Red Bull Racing
S PEREZ,MEX,11,Sergio,Sergio PEREZ,Perez,1235,PER,9511,3671C6,Red Bull Racing
M VERSTAPPEN,NED,1,Max,Max VERSTAPPEN,Verstappen,1235,VER,9515,3671C6,Red Bull Racing
S PEREZ,MEX,11,Sergio,Sergio PEREZ,Perez,1235,PER,9515,3671C6,Red Bull Racing
M VERSTAPPEN,NED,1,Max,Max VERSTAPPEN,Verstappen,1236,VER,9516,3671C6,Red Bull Racing
S PEREZ,MEX,11,Sergio,Sergio PEREZ,Perez,1236,PER,9516,3671C6,Red Bull Racing
M VERSTAPPEN,NED,1,Max,Max VERSTAPPEN,Verstappen,1236,VER,9517,3671C6,Red Bull Racing
S PEREZ,MEX,11,Sergio,Sergio PEREZ,Perez,1236,PER,9517,3671C6,Red Bull Racing
M VERSTAPPEN,NED,1,Max,Max VERSTAPPEN,Verstappen,1236,VER,9518,3671C6,Red Bull Racing
S PEREZ,MEX,11,Sergio,Sergio PEREZ,Perez,1236,PER,9518,3671C6,Red Bull Racing
M VERSTAPPEN,NED,1,Max,Max VERSTAPPEN,Verstappen,1236,VER,9519,3671C6,Red Bull Racing
S PEREZ,MEX,11,Sergio,Sergio PEREZ,Perez,1236,PER,9519,3671C6,Red Bull Racing
M VERSTAPPEN,NED,1,Max,Max VERSTAPPEN,Verstappen,1236,VER,9523,3671C6,Red Bull Racing
S PEREZ,MEX,11,Sergio,Sergio PEREZ,Perez,1236,PER,9523,3671C6,Red Bull Racing
M VERSTAPPEN,NED,1,Max,Max VERSTAPPEN,Verstappen,1237,VER,9524,3671C6,Red Bull Racing
S PEREZ,MEX,11,Sergio,Sergio PEREZ,Perez,1237,PER,9524,3671C6,Red Bull Racing
M VERSTAPPEN,NED,1,Max,Max VERSTAPPEN,Verstappen,1237,VER,9525,3671C6,Red Bull Racing
S PEREZ,MEX,11,Sergio,Sergio PEREZ,Perez,1237,PER,9525,3671C6,Red Bull Racing
M VERSTAPPEN,NED,1,Max,Max VERSTAPPEN,Verstappen,1237,VER,9526,3671C6,Red Bull Racing
S PEREZ,MEX,11,Sergio,Sergio PEREZ,Perez,1237,PER,9526,3671C6,Red Bull Racing
M VERSTAPPEN,NED,1,Max,Max VERSTAPPEN,Verstappen,1237,VER,9527,3671C6,Red Bull Racing
S PEREZ,MEX,11,Sergio,Sergio PEREZ,Perez,1237,PER,9527,3671C6,Red Bull Racing
M VERSTAPPEN,NED,1,Max,Max VERSTAPPEN,Verstappen,1237,VER,9531,3671C6,Red Bull Racing
S PEREZ,MEX,11,Sergio,Sergio PEREZ,Perez,1237,PER,9531,3671C6,Red Bull Racing
M VERSTAPPEN,NED,1,Max,Max VERSTAPPEN,Verstappen,1238,VER,9532,3671C6,Red Bull Racing
S PEREZ,MEX,11,Sergio,Sergio PEREZ,Perez,1238,PER,9532,3671C6,Red Bull Racing
M VERSTAPPEN,NED,1,Max,Max VERSTAPPEN,Verstappen,1238,VER,9533,3671C6,Red Bull Racing
S PEREZ,MEX,11,Sergio,Sergio PEREZ,Perez,1238,PER,9533,3671C6,Red Bull Racing
M VERSTAPPEN,NED,1,Max,Max VERSTAPPEN,Verstappen,1238,VER,9534,3671C6,Red Bull Racing
S PEREZ,MEX,11,Sergio,Sergio PEREZ,Perez,1238,PER,9534,3671C6,Red Bull Racing
M VERSTAPPEN,NED,1,Max,Max VERSTAPPEN,Verstappen,1238,VER,9535,3671C6,Red Bull Racing
S PEREZ,MEX,11,Sergio,Sergio PEREZ,Perez,1238,PER,9535,3671C6,Red Bull Racing
M VERSTAPPEN,NED,1,Max,Max VERSTAPPEN,Verstappen,1238,VER,9539,3671C6,Red Bull Racing
S PEREZ,MEX,11,Sergio,Sergio PEREZ,Perez,1238,PER,9539,3671C6,Red Bull Racing
M VERSTAPPEN,NED,1,Max,Max VERSTAPPEN,Verstappen,1239,VER,9540,3671C6,Red Bull Racing
S PEREZ,MEX,11,Sergio,Sergio PEREZ,Perez,1239,PER,9540,3671C6,Red Bull Racing
M VERSTAPPEN,NED,1,Max,Max VERSTAPPEN,Verstappen,1239,VER,9541,3671C6,Red Bull Racing
S PEREZ,MEX,11,Sergio,Sergio PEREZ,Perez,1239,PER,9541,3671C6,Red Bull Racing
M VERSTAPPEN,NED,1,Max,Max VERSTAPPEN,Verstappen,1239,VER,9545,3671C6,Red Bull Racing
S PEREZ,MEX,11,Sergio,Sergio PEREZ,Perez,1239,PER,9545,3671C6,Red Bull Racing
M VERSTAPPEN,NED,1,Max,Max VERSTAPPEN,Verstappen,1239,VER,9549,3671C6,Red Bull Racing
S PEREZ,MEX,11,Sergio,Sergio PEREZ,Perez,1239,PER,9549,3671C6,Red Bull Racing
M VERSTAPPEN,NED,1,Max,Max VERSTAPPEN,Verstappen,1239,VER,9550,3671C6,Red Bull Racing
S PEREZ,MEX,11,Sergio,Sergio PEREZ,Perez,1239,PER,9550,3671C6,Red Bull Racing
M VERSTAPPEN,NED,1,Max,Max VERSTAPPEN,Verstappen,1240,VER,9551,3671C6,Red Bull Racing
I HADJAR,FRA,37,Isack,Isack HADJAR,Hadjar,1240,HAD,9551,3671C6,Red Bull Racing
M VERSTAPPEN,NED,1,Max,Max VERSTAPPEN,Verstappen,1240,VER,9552,3671C6,Red Bull Racing
S PEREZ,MEX,11,Sergio,Sergio PEREZ,Perez,1240,PER,9552,3671C6,Red Bull Racing
M VERSTAPPEN,NED,1,Max,Max VERSTAPPEN,Verstappen,1240,VER,9553,3671C6,Red Bull Racing
S PEREZ,MEX,11,Sergio,Sergio PEREZ,Perez,1240,PER,9553,3671C6,Red Bull Racing
M VERSTAPPEN,NED,1,Max,Max VERSTAPPEN,Verstappen,1240,VER,9554,3671C6,Red Bull Racing
S PEREZ,MEX,11,Sergio,Sergio PEREZ,Perez,1240,PER,9554,3671C6,Red Bull Racing
M VERSTAPPEN,NED,1,Max,Max VERSTAPPEN,Verstappen,1240,VER,9558,3671C6,Red Bull Racing
S PEREZ,MEX,11,Sergio,Sergio PEREZ,Perez,1240,PER,9558,3671C6,Red Bull Racing
M VERSTAPPEN,NED,1,Max,Max VERSTAPPEN,Verstappen,1241,VER,9559,3671C6,Red Bull Racing
S PEREZ,MEX,11,Sergio,Sergio PEREZ,Perez,1241,PER,9559,3671C6,Red Bull Racing
M VERSTAPPEN,NED,1,Max,Max VERSTAPPEN,Verstappen,1241,VER,9560,3671C6,Red Bull Racing
S PEREZ,MEX,11,Sergio,Sergio PEREZ,Perez,1241,PER,9560,3671C6,Red Bull Racing
M VERSTAPPEN,NED,1,Max,Max VERSTAPPEN,Verstappen,1241,VER,9561,3671C6,Red Bull Racing
S PEREZ,MEX,11,Sergio,Sergio PEREZ,Perez,1241,PER,9561,3671C6,Red Bull Racing
M VERSTAPPEN,NED,1,Max,Max VERSTAPPEN,Verstappen,1241,VER,9562,3671C6,Red Bull Racing
S PEREZ,MEX,11,Sergio,Sergio PEREZ,Perez,1241,PER,9562,3671C6,Red Bull Racing
M VERSTAPPEN,NED,1,Max,Max VERSTAPPEN,Verstappen,1241,VER,9566,3671C6,Red Bull Racing
S PEREZ,MEX,11,Sergio,Sergio PEREZ,Perez,1241,PER,9566,3671C6,Red Bull Racing
M VERSTAPPEN,NED,1,Max,Max VERSTAPPEN,Verstappen,1242,VER,9567,3671C6,Red Bull Racing
S PEREZ,MEX,11,Sergio,Sergio PEREZ,Perez,1242,PER,9567,3671C6,Red Bull Racing
M VERSTAPPEN,NED,1,Max,Max VERSTAPPEN,Verstappen,1242,VER,9568,3671C6,Red Bull Racing
S PEREZ,MEX,11,Sergio,Sergio PEREZ,Perez,1242,PER,9568,3671C6,Red Bull Racing
M VERSTAPPEN,NED,1,Max,Max VERSTAPPEN,Verstappen,1242,VER,9569,3671C6,Red Bull Racing
S PEREZ,MEX,11,Sergio,Sergio PEREZ,Perez,1242,PER,9569,3671C6,Red Bull Racing
M VERSTAPPEN,NED,1,Max,Max VERSTAPPEN,Verstappen,1242,VER,9570,3671C6,Red Bull Racing
S PEREZ,MEX,11,Sergio,Sergio PEREZ,Perez,1242,PER,9570,3671C6,Red Bull Racing
M VERSTAPPEN,NED,1,Max,Max VERSTAPPEN,Verstappen,1242,VER,9574,3671C6,Red Bull Racing
S PEREZ,MEX,11,Sergio,Sergio PEREZ,Perez,1242,PER,9574,3671C6,Red Bull Racing
M VERSTAPPEN,NED,1,Max,Max VERSTAPPEN,Verstappen,1243,VER,9575,3671C6,Red Bull Racing
S PEREZ,MEX,11,Sergio,Sergio PEREZ,Perez,1243,PER,9575,3671C6,Red Bull Racing
M VERSTAPPEN,NED,1,Max,Max VERSTAPPEN,Verstappen,1243,VER,9576,3671C6,Red Bull Racing
S PEREZ,MEX,11,Sergio,Sergio PEREZ,Perez,1243,PER,9576,3671C6,Red Bull Racing
M VERSTAPPEN,NED,1,Max,Max VERSTAPPEN,Verstappen,1243,VER,9577,3671C6,Red Bull Racing
S PEREZ,MEX,11,Sergio,Sergio PEREZ,Perez,1243,PER,9577,3671C6,Red Bull Racing
M VERSTAPPEN,NED,1,Max,Max VERSTAPPEN,Verstappen,1243,VER,9578,3671C6,Red Bull Racing
S PEREZ,MEX,11,Sergio,Sergio PEREZ,Perez,1243,PER,9578,3671C6,Red Bull Racing
M VERSTAPPEN,NED,1,Max,Max VERSTAPPEN,Verstappen,1243,VER,9582,3671C6,Red Bull Racing
S PEREZ,MEX,11,Sergio,Sergio PEREZ,Perez,1243,PER,9582,3671C6,Red Bull Racing
M VERSTAPPEN,NED,1,Max,Max VERSTAPPEN,Verstappen,1244,VER,9583,3671C6,Red Bull Racing
S PEREZ,MEX,11,Sergio,Sergio PEREZ,Perez,1244,PER,9583,3671C6,Red Bull Racing
M VERSTAPPEN,NED,1,Max,Max VERSTAPPEN,Verstappen,1244,VER,9584,3671C6,Red Bull Racing
S PEREZ,MEX,11,Sergio,Sergio PEREZ,Perez,1244,PER,9584,3671C6,Red Bull Racing
M VERSTAPPEN,NED,1,Max,Max VERSTAPPEN,Verstappen,1244,VER,9585,3671C6,Red Bull Racing
S PEREZ,MEX,11,Sergio,Sergio PEREZ,Perez,1244,PER,9585,3671C6,Red Bull Racing
M VERSTAPPEN,NED,1,Max,Max VERSTAPPEN,Verstappen,1244,VER,9586,3671C6,Red Bull Racing
S PEREZ,MEX,11,Sergio,Sergio PEREZ,Perez,1244,PER,9586,3671C6,Red Bull Racing
M VERSTAPPEN,NED,1,Max,Max VERSTAPPEN,Verstappen,1244,VER,9590,3671C6,Red Bull Racing
S PEREZ,MEX,11,Sergio,Sergio PEREZ,Perez,1244,PER,9590,3671C6,Red Bull Racing
M VERSTAPPEN,NED,1,Max,Max VERSTAPPEN,Verstappen,1245,VER,9591,3671C6,Red Bull Racing
S PEREZ,MEX,11,Sergio,Sergio PEREZ,Perez,1245,PER,9591,3671C6,Red Bull Racing
M VERSTAPPEN,NED,1,Max,Max VERSTAPPEN,Verstappen,1245,VER,9592,3671C6,Red Bull Racing
S PEREZ,MEX,11,Sergio,Sergio PEREZ,Perez,1245,PER,9592,3671C6,Red Bull Racing
M VERSTAPPEN,NED,1,Max,Max VERSTAPPEN,Verstappen,1245,VER,9593,3671C6,Red Bull Racing
S PEREZ,MEX,11,Sergio,Sergio PEREZ,Perez,1245,PER,9593,3671C6,Red Bull Racing
M VERSTAPPEN,NED,1,Max,Max VERSTAPPEN,Verstappen,1245,VER,9594,3671C6,Red Bull Racing
S PEREZ,MEX,11,Sergio,Sergio PEREZ,Perez,1245,PER,9594,3671C6,Red Bull Racing
M VERSTAPPEN,NED,1,Max,Max VERSTAPPEN,Verstappen,1245,VER,9598,3671C6,Red Bull Racing
S PEREZ,MEX,11,Sergio,Sergio PEREZ,Perez,1245,PER,9598,3671C6,Red Bull Racing
M VERSTAPPEN,NED,1,Max,Max VERSTAPPEN,Verstappen,1246,VER,9599,3671C6,Red Bull Racing
S PEREZ,MEX,11,Sergio,Sergio PEREZ,Perez,1246,PER,9599,3671C6,Red Bull Racing
M VERSTAPPEN,NED,1,Max,Max VERSTAPPEN,Verstappen,1246,VER,9600,3671C6,Red Bull Racing
S PEREZ,MEX,11,Sergio,Sergio PEREZ,Perez,1246,PER,9600,3671C6,Red Bull Racing
M VERSTAPPEN,NED,1,Max,Max VERSTAPPEN,Verstappen,1246,VER,9601,3671C6,Red Bull Racing
S PEREZ,MEX,11,Sergio,Sergio PEREZ,Perez,1246,PER,9601,3671C6,Red Bull Racing
M VERSTAPPEN,NED,1,Max,Max VERSTAPPEN,Verstappen,1246,VER,9602,3671C6,Red Bull Racing
S PEREZ,MEX,11,Sergio,Sergio PEREZ,Perez,1246,PER,9602,3671C6,Red Bull Racing
M VERSTAPPEN,NED,1,Max,Max VERSTAPPEN,Verstappen,1246,VER,9606,3671C6,Red Bull Racing
S PEREZ,MEX,11,Sergio,Sergio PEREZ,Perez,1246,PER,9606,3671C6,Red Bull Racing
M VERSTAPPEN,NED,1,Max,Max VERSTAPPEN,Verstappen,1247,VER,9607,3671C6,Red Bull Racing
S PEREZ,MEX,11,Sergio,Sergio PEREZ,Perez,1247,PER,9607,3671C6,Red Bull Racing
M VERSTAPPEN,NED,1,Max,Max VERSTAPPEN,Verstappen,1247,VER,9608,3671C6,Red Bull Racing
S PEREZ,MEX,11,Sergio,Sergio PEREZ,Perez,1247,PER,9608,3671C6,Red Bull Racing
M VERSTAPPEN,NED,1,Max,Max VERSTAPPEN,Verstappen,1247,VER,9612,3671C6,Red Bull Racing
S PEREZ,MEX,11,Sergio,Sergio PEREZ,Perez,1247,PER,9612,3671C6,Red Bull Racing
M VERSTAPPEN,NED,1,Max,Max VERSTAPPEN,Verstappen,1247,VER,9616,3671C6,Red Bull Racing
S PEREZ,MEX,11,Sergio,Sergio PEREZ,Perez,1247,PER,9616,3671C6,Red Bull Racing
M VERSTAPPEN,NED,1,Max,Max VERSTAPPEN,Verstappen,1247,VER,9617,3671C6,Red Bull Racing
S PEREZ,MEX,11,Sergio,Sergio PEREZ,Perez,1247,PER,9617,3671C6,Red Bull Racing
M VERSTAPPEN,NED,1,Max,Max VERSTAPPEN,Verstappen,1248,VER,9618,3671C6,Red Bull Racing
S PEREZ,MEX,11,Sergio,Sergio PEREZ,Perez,1248,PER,9618,3671C6,Red Bull Racing
M VERSTAPPEN,NED,1,Max,Max VERSTAPPEN,Verstappen,1248,VER,9619,3671C6,Red Bull Racing
S PEREZ,MEX,11,Sergio,Sergio PEREZ,Perez,1248,PER,9619,3671C6,Red Bull Racing
M VERSTAPPEN,NED,1,Max,Max VERSTAPPEN,Verstappen,1248,VER,9620,3671C6,Red Bull Racing
S PEREZ,MEX,11,Sergio,Sergio PEREZ,Perez,1248,PER,9620,3671C6,Red Bull Racing
M VERSTAPPEN,NED,1,Max,Max VERSTAPPEN,Verstappen,1248,VER,9621,3671C6,Red Bull Racing
S PEREZ,MEX,11,Sergio,Sergio PEREZ,Perez,1248,PER,9621,3671C6,Red Bull Racing
M VERSTAPPEN,NED,1,Max,Max VERSTAPPEN,Verstappen,1248,VER,9625,3671C6,Red Bull Racing
S PEREZ,MEX,11,Sergio,Sergio PEREZ,Perez,1248,PER,9625,3671C6,Red Bull Racing
M VERSTAPPEN,NED,1,Max,Max VERSTAPPEN,Verstappen,1249,VER,9626,3671C6,Red Bull Racing
S PEREZ,MEX,11,Sergio,Sergio PEREZ,Perez,1249,PER,9626,3671C6,Red Bull Racing
M VERSTAPPEN,NED,1,Max,Max VERSTAPPEN,Verstappen,1249,VER,9627,3671C6,Red Bull Racing
S PEREZ,MEX,11,Sergio,Sergio PEREZ,Perez,1249,PER,9627,3671C6,Red Bull Racing
M VERSTAPPEN,NED,1,Max,Max VERSTAPPEN,Verstappen,1249,VER,9631,3671C6,Red Bull Racing
S PEREZ,MEX,11,Sergio,Sergio PEREZ,Perez,1249,PER,9631,3671C6,Red Bull Racing
M VERSTAPPEN,NED,1,Max,Max VERSTAPPEN,Verstappen,1249,VER,9635,3671C6,Red Bull Racing
S PEREZ,MEX,11,Sergio,Sergio PEREZ,Perez,1249,PER,9635,3671C6,Red Bull Racing
M VERSTAPPEN,NED,1,Max,Max VERSTAPPEN,Verstappen,1249,VER,9636,3671C6,Red Bull Racing
S PEREZ,MEX,11,Sergio,Sergio PEREZ,Perez,1249,PER,9636,3671C6,Red Bull Racing
M VERSTAPPEN,NED,1,Max,Max VERSTAPPEN,Verstappen,1250,VER,9637,3671C6,Red Bull Racing
S PEREZ,MEX,11,Sergio,Sergio PEREZ,Perez,1250,PER,9637,3671C6,Red Bull Racing
M VERSTAPPEN,NED,1,Max,Max VERSTAPPEN,Verstappen,1250,VER,9638,3671C6,Red Bull Racing
S PEREZ,MEX,11,Sergio,Sergio PEREZ,Perez,1250,PER,9638,3671C6,Red Bull Racing
M VERSTAPPEN,NED,1,Max,Max VERSTAPPEN,Verstappen,1250,VER,9639,3671C6,Red Bull Racing
S PEREZ,MEX,11,Sergio,Sergio PEREZ,Perez,1250,PER,9639,3671C6,Red Bull Racing
M VERSTAPPEN,NED,1,Max,Max VERSTAPPEN,Verstappen,1250,VER,9640,3671C6,Red Bull Racing
S PEREZ,MEX,11,Sergio,Sergio PEREZ,Perez,1250,PER,9640,3671C6,Red Bull Racing
M VERSTAPPEN,NED,1,Max,Max VERSTAPPEN,Verstappen,1250,VER,9644,3671C6,Red Bull Racing
S PEREZ,MEX,11,Sergio,Sergio PEREZ,Perez,1250,PER,9644,3671C6,Red Bull Racing
M VERSTAPPEN,NED,1,Max,Max VERSTAPPEN,Verstappen,1251,VER,9645,3671C6,Red Bull Racing
S PEREZ,MEX,11,Sergio,Sergio PEREZ,Perez,1251,PER,9645,3671C6,Red Bull Racing
M VERSTAPPEN,NED,1,Max,Max VERSTAPPEN,Verstappen,1251,VER,9646,3671C6,Red Bull Racing
S PEREZ,MEX,11,Sergio,Sergio PEREZ,Perez,1251,PER,9646,3671C6,Red Bull Racing
M VERSTAPPEN,NED,1,Max,Max VERSTAPPEN,Verstappen,1251,VER,9650,3671C6,Red Bull Racing
S PEREZ,MEX,11,Sergio,Sergio PEREZ,Perez,1251,PER,9650,3671C6,Red Bull Racing
M VERSTAPPEN,NED,1,Max,Max VERSTAPPEN,Verstappen,1251,VER,9654,3671C6,Red Bull Racing
S PEREZ,MEX,11,Sergio,Sergio PEREZ,Perez,1251,PER,9654,3671C6,Red Bull Racing
M VERSTAPPEN,NED,1,Max,Max VERSTAPPEN,Verstappen,1251,VER,9655,3671C6,Red Bull Racing
S PEREZ,MEX,11,Sergio,Sergio PEREZ,Perez,1251,PER,9655,3671C6,Red Bull Racing
S PEREZ,MEX,11,Sergio,Sergio PEREZ,Perez,1252,PER,9461,3671C6,Red Bull Racing
I HADJAR,FRA,37,Isack,Isack HADJAR,Hadjar,1252,HAD,9461,3671C6,Red Bull Racing
M VERSTAPPEN,NED,1,Max,Max VERSTAPPEN,Verstappen,1252,VER,9656,3671C6,Red Bull Racing
S PEREZ,MEX,11,Sergio,Sergio PEREZ,Perez,1252,PER,9656,3671C6,Red Bull Racing
M VERSTAPPEN,NED,1,Max,Max VERSTAPPEN,Verstappen,1252,VER,9657,3671C6,Red Bull Racing
S PEREZ,MEX,11,Sergio,Sergio PEREZ,Perez,1252,PER,9657,3671C6,Red Bull Racing
M VERSTAPPEN,NED,1,Max,Max VERSTAPPEN,Verstappen,1252,VER,9658,3671C6,Red Bull Racing
S PEREZ,MEX,11,Sergio,Sergio PEREZ,Perez,1252,PER,9658,3671C6,Red Bull Racing
M VERSTAPPEN,NED,1,Max,Max VERSTAPPEN,Verstappen,1252,VER,9662,3671C6,Red Bull Racing
S PEREZ,MEX,11,Sergio,Sergio PEREZ,Perez,1252,PER,9662,3671C6,Red Bull Racing
M VERSTAPPEN,,1,Max,Max VERSTAPPEN,Verstappen,1253,VER,9683,3671C6,Red Bull Racing
L LAWSON,,30,Liam,Liam LAWSON,Lawson,1253,LAW,9683,3671C6,Red Bull Racing
L LAWSON,,30,Liam,Liam LAWSON,Lawson,1253,LAW,9684,3671C6,Red Bull Racing
M VERSTAPPEN,,1,Max,Max VERSTAPPEN,Verstappen,1253,VER,9685,3671C6,Red Bull Racing
M VERSTAPPEN,,1,Max,Max VERSTAPPEN,Verstappen,1254,VER,9686,3671C6,Red Bull Racing
L LAWSON,,30,Liam,Liam LAWSON,Lawson,1254,LAW,9686,3671C6,Red Bull Racing
M VERSTAPPEN,,1,Max,Max VERSTAPPEN,Verstappen,1254,VER,9687,3671C6,Red Bull Racing
L LAWSON,,30,Liam,Liam LAWSON,Lawson,1254,LAW,9687,3671C6,Red Bull Racing
M VERSTAPPEN,,1,Max,Max VERSTAPPEN,Verstappen,1254,VER,9688,3671C6,Red Bull Racing
L LAWSON,,30,Liam,Liam LAWSON,Lawson,1254,LAW,9688,3671C6,Red Bull Racing
M VERSTAPPEN,,1,Max,Max VERSTAPPEN,Verstappen,1254,VER,9689,3671C6,Red Bull Racing
L LAWSON,,30,Liam,Liam LAWSON,Lawson,1254,LAW,9689,3671C6,Red Bull Racing
M VERSTAPPEN,,1,Max,Max VERSTAPPEN,Verstappen,1254,VER,9693,3671C6,Red Bull Racing
L LAWSON,,30,Liam,Liam LAWSON,Lawson,1254,LAW,9693,3671C6,Red Bull Racing
M VERSTAPPEN,,1,Max,Max VERSTAPPEN,Verstappen,1255,VER,9988,3671C6,Red Bull Racing
L LAWSON,,30,Liam,Liam LAWSON,Lawson,1255,LAW,9988,3671C6,Red Bull Racing
M VERSTAPPEN,,1,Max,Max VERSTAPPEN,Verstappen,1255,VER,9989,3671C6,Red Bull Racing
L LAWSON,,30,Liam,Liam LAWSON,Lawson,1255,LAW,9989,3671C6,Red Bull Racing
M VERSTAPPEN,,1,Max,Max VERSTAPPEN,Verstappen,1255,VER,9993,3671C6,Red Bull Racing
L LAWSON,,30,Liam,Liam LAWSON,Lawson,1255,LAW,9993,3671C6,Red Bull Racing
M VERSTAPPEN,,1,Max,Max VERSTAPPEN,Verstappen,1255,VER,9994,3671C6,Red Bull Racing
L LAWSON,,30,Liam,Liam LAWSON,Lawson,1255,LAW,9994,3671C6,Red Bull Racing
M VERSTAPPEN,,1,Max,Max VERSTAPPEN,Verstappen,1255,VER,9998,3671C6,Red Bull Racing
L LAWSON,,30,Liam,Liam LAWSON,Lawson,1255,LAW,9998,3671C6,Red Bull Racing
M VERSTAPPEN,,1,Max,Max VERSTAPPEN,Verstappen,1256,VER,9999,3671C6,Red Bull Racing
Y TSUNODA,,22,Yuki,Yuki TSUNODA,Tsunoda,1256,TSU,9999,3671C6,Red Bull Racing
M VERSTAPPEN,,1,Max,Max VERSTAPPEN,Verstappen,1256,VER,10000,3671C6,Red Bull Racing
Y TSUNODA,,22,Yuki,Yuki TSUNODA,Tsunoda,1256,TSU,10000,3671C6,Red Bull Racing
M VERSTAPPEN,,1,Max,Max VERSTAPPEN,Verstappen,1256,VER,10001,3671C6,Red Bull Racing
Y TSUNODA,,22,Yuki,Yuki TSUNODA,Tsunoda,1256,TSU,10001,3671C6,Red Bull Racing
M VERSTAPPEN,,1,Max,Max VERSTAPPEN,Verstappen,1256,VER,10002,3671C6,Red Bull Racing
Y TSUNODA,,22,Yuki,Yuki TSUNODA,Tsunoda,1256,TSU,10002,3671C6,Red Bull Racing
M VERSTAPPEN,,1,Max,Max VERSTAPPEN,Verstappen,1256,VER,10006,3671C6,Red Bull Racing
Y TSUNODA,,22,Yuki,Yuki TSUNODA,Tsunoda,1256,TSU,10006,3671C6,Red Bull Racing
Y TSUNODA,,22,Yuki,Yuki TSUNODA,Tsunoda,1257,TSU,10007,3671C6,Red Bull Racing
A IWASA,,37,Ayumu,Ayumu IWASA,Iwasa,1257,IWA,10007,3671C6,Red Bull Racing
M VERSTAPPEN,,1,Max,Max VERSTAPPEN,Verstappen,1257,VER,10008,3671C6,Red Bull Racing
Y TSUNODA,,22,Yuki,Yuki TSUNODA,Tsunoda,1257,TSU,10008,3671C6,Red Bull Racing
M VERSTAPPEN,,1,Max,Max VERSTAPPEN,Verstappen,1257,VER,10009,3671C6,Red Bull Racing
Y TSUNODA,,22,Yuki,Yuki TSUNODA,Tsunoda,1257,TSU,10009,3671C6,Red Bull Racing
M VERSTAPPEN,,1,Max,Max VERSTAPPEN,Verstappen,1257,VER,10010,3671C6,Red Bull Racing
Y TSUNODA,,22,Yuki,Yuki TSUNODA,Tsunoda,1257,TSU,10010,3671C6,Red Bull Racing
M VERSTAPPEN,,1,Max,Max VERSTAPPEN,Verstappen,1257,VER,10014,3671C6,Red Bull Racing
Y TSUNODA,,22,Yuki,Yuki TSUNODA,Tsunoda,1257,TSU,10014,3671C6,Red Bull Racing
M VERSTAPPEN,,1,Max,Max VERSTAPPEN,Verstappen,1258,VER,10015,3671C6,Red Bull Racing
Y TSUNODA,,22,Yuki,Yuki TSUNODA,Tsunoda,1258,TSU,10015,3671C6,Red Bull Racing
M VERSTAPPEN,,1,Max,Max VERSTAPPEN,Verstappen,1258,VER,10016,3671C6,Red Bull Racing
Y TSUNODA,,22,Yuki,Yuki TSUNODA,Tsunoda,1258,TSU,10016,3671C6,Red Bull Racing
M VERSTAPPEN,,1,Max,Max VERSTAPPEN,Verstappen,1258,VER,10017,3671C6,Red Bull Racing
Y TSUNODA,,22,Yuki,Yuki TSUNODA,Tsunoda,1258,TSU,10017,3671C6,Red Bull Racing
M VERSTAPPEN,,1,Max,Max VERSTAPPEN,Verstappen,1258,VER,10018,3671C6,Red Bull Racing
Y TSUNODA,,22,Yuki,Yuki TSUNODA,Tsunoda,1258,TSU,10018,3671C6,Red Bull Racing
M VERSTAPPEN,,1,Max,Max VERSTAPPEN,Verstappen,1258,VER,10022,3671C6,Red Bull Racing
Y TSUNODA,,22,Yuki,Yuki TSUNODA,Tsunoda,1258,TSU,10022,3671C6,Red Bull Racing
M VERSTAPPEN,,1,Max,Max VERSTAPPEN,Verstappen,1259,VER,10023,3671C6,Red Bull Racing
Y TSUNODA,,22,Yuki,Yuki TSUNODA,Tsunoda,1259,TSU,10023,3671C6,Red Bull Racing
M VERSTAPPEN,,1,Max,Max VERSTAPPEN,Verstappen,1259,VER,10024,3671C6,Red Bull Racing
Y TSUNODA,,22,Yuki,Yuki TSUNODA,Tsunoda,1259,TSU,10024,3671C6,Red Bull Racing
M VERSTAPPEN,,1,Max,Max VERSTAPPEN,Verstappen,1259,VER,10028,3671C6,Red Bull Racing
Y TSUNODA,,22,Yuki,Yuki TSUNODA,Tsunoda,1259,TSU,10028,3671C6,Red Bull Racing
M VERSTAPPEN,,1,Max,Max VERSTAPPEN,Verstappen,1259,VER,10029,3671C6,Red Bull Racing
Y TSUNODA,,22,Yuki,Yuki TSUNODA,Tsunoda,1259,TSU,10029,3671C6,Red Bull Racing
M VERSTAPPEN,,1,Max,Max VERSTAPPEN,Verstappen,1259,VER,10033,3671C6,Red Bull Racing
Y TSUNODA,,22,Yuki,Yuki TSUNODA,Tsunoda,1259,TSU,10033,3671C6,Red Bull Racing
M VERSTAPPEN,,1,Max,Max VERSTAPPEN,Verstappen,1260,VER,9980,3671C6,Red Bull Racing
Y TSUNODA,,22,Yuki,Yuki TSUNODA,Tsunoda,1260,TSU,9980,3671C6,Red Bull Racing
M VERSTAPPEN,,1,Max,Max VERSTAPPEN,Verstappen,1260,VER,9981,3671C6,Red Bull Racing
Y TSUNODA,,22,Yuki,Yuki TSUNODA,Tsunoda,1260,TSU,9981,3671C6,Red Bull Racing
M VERSTAPPEN,,1,Max,Max VERSTAPPEN,Verstappen,1260,VER,9982,3671C6,Red Bull Racing
Y TSUNODA,,22,Yuki,Yuki TSUNODA,Tsunoda,1260,TSU,9982,3671C6,Red Bull Racing
M VERSTAPPEN,,1,Max,Max VERSTAPPEN,Verstappen,1260,VER,9983,3671C6,Red Bull Racing
Y TSUNODA,,22,Yuki,Yuki TSUNODA,Tsunoda,1260,TSU,9983,3671C6,Red Bull Racing
M VERSTAPPEN,,1,Max,Max VERSTAPPEN,Verstappen,1260,VER,9987,3671C6,Red Bull Racing
Y TSUNODA,,22,Yuki,Yuki TSUNODA,Tsunoda,1260,TSU,9987,3671C6,Red Bull Racing
M VERSTAPPEN,,1,Max,Max VERSTAPPEN,Verstappen,1261,VER,9972,4781D7,Red Bull Racing
Y TSUNODA,,22,Yuki,Yuki TSUNODA,Tsunoda,1261,TSU,9972,4781D7,Red Bull Racing
M VERSTAPPEN,,1,Max,Max VERSTAPPEN,Verstappen,1261,VER,9973,4781D7,Red Bull Racing
Y TSUNODA,,22,Yuki,Yuki TSUNODA,Tsunoda,1261,TSU,9973,4781D7,Red Bull Racing
M VERSTAPPEN,,1,Max,Max VERSTAPPEN,Verstappen,1261,VER,9974,4781D7,Red Bull Racing
Y TSUNODA,,22,Yuki,Yuki TSUNODA,Tsunoda,1261,TSU,9974,4781D7,Red Bull Racing
M VERSTAPPEN,,1,Max,Max VERSTAPPEN,Verstappen,1261,VER,9975,4781D7,Red Bull Racing
Y TSUNODA,,22,Yuki,Yuki TSUNODA,Tsunoda,1261,TSU,9975,4781D7,Red Bull Racing
M VERSTAPPEN,,1,Max,Max VERSTAPPEN,Verstappen,1261,VER,9979,4781D7,Red Bull Racing
Y TSUNODA,,22,Yuki,Yuki TSUNODA,Tsunoda,1261,TSU,9979,4781D7,Red Bull Racing
M VERSTAPPEN,,1,Max,Max VERSTAPPEN,Verstappen,1262,VER,9964,4781D7,Red Bull Racing
Y TSUNODA,,22,Yuki,Yuki TSUNODA,Tsunoda,1262,TSU,9964,4781D7,Red Bull Racing
M VERSTAPPEN,,1,Max,Max VERSTAPPEN,Verstappen,1262,VER,9965,4781D7,Red Bull Racing
Y TSUNODA,,22,Yuki,Yuki TSUNODA,Tsunoda,1262,TSU,9965,4781D7,Red Bull Racing
M VERSTAPPEN,,1,Max,Max VERSTAPPEN,Verstappen,1262,VER,9966,4781D7,Red Bull Racing
Y TSUNODA,,22,Yuki,Yuki TSUNODA,Tsunoda,1262,TSU,9966,4781D7,Red Bull Racing
M VERSTAPPEN,,1,Max,Max VERSTAPPEN,Verstappen,1262,VER,9967,4781D7,Red Bull Racing
Y TSUNODA,,22,Yuki,Yuki TSUNODA,Tsunoda,1262,TSU,9967,4781D7,Red Bull Racing
M VERSTAPPEN,,1,Max,Max VERSTAPPEN,Verstappen,1262,VER,9971,4781D7,Red Bull Racing
Y TSUNODA,,22,Yuki,Yuki TSUNODA,Tsunoda,1262,TSU,9971,4781D7,Red Bull Racing
M VERSTAPPEN,,1,Max,Max VERSTAPPEN,Verstappen,1263,VER,9956,4781D7,Red Bull Racing
Y TSUNODA,,22,Yuki,Yuki TSUNODA,Tsunoda,1263,TSU,9956,4781D7,Red Bull Racing
M VERSTAPPEN,,1,Max,Max VERSTAPPEN,Verstappen,1263,VER,9957,4781D7,Red Bull Racing
Y TSUNODA,,22,Yuki,Yuki TSUNODA,Tsunoda,1263,TSU,9957,4781D7,Red Bull Racing
M VERSTAPPEN,,1,Max,Max VERSTAPPEN,Verstappen,1263,VER,9958,4781D7,Red Bull Racing
Y TSUNODA,,22,Yuki,Yuki TSUNODA,Tsunoda,1263,TSU,9958,4781D7,Red Bull Racing
M VERSTAPPEN,,1,Max,Max VERSTAPPEN,Verstappen,1263,VER,9959,4781D7,Red Bull Racing
Y TSUNODA,,22,Yuki,Yuki TSUNODA,Tsunoda,1263,TSU,9959,4781D7,Red Bull Racing
M VERSTAPPEN,,1,Max,Max VERSTAPPEN,Verstappen,1263,VER,9963,4781D7,Red Bull Racing
Y TSUNODA,,22,Yuki,Yuki TSUNODA,Tsunoda,1263,TSU,9963,4781D7,Red Bull Racing
M VERSTAPPEN,,1,Max,Max VERSTAPPEN,Verstappen,1264,VER,9948,4781D7,Red Bull Racing
Y TSUNODA,,22,Yuki,Yuki TSUNODA,Tsunoda,1264,TSU,9948,4781D7,Red Bull Racing
M VERSTAPPEN,,1,Max,Max VERSTAPPEN,Verstappen,1264,VER,9949,4781D7,Red Bull Racing
Y TSUNODA,,22,Yuki,Yuki TSUNODA,Tsunoda,1264,TSU,9949,4781D7,Red Bull Racing
M VERSTAPPEN,,1,Max,Max VERSTAPPEN,Verstappen,1264,VER,9950,4781D7,Red Bull Racing
Y TSUNODA,,22,Yuki,Yuki TSUNODA,Tsunoda,1264,TSU,9950,4781D7,Red Bull Racing
M VERSTAPPEN,,1,Max,Max VERSTAPPEN,Verstappen,1264,VER,9951,4781D7,Red Bull Racing
Y TSUNODA,,22,Yuki,Yuki TSUNODA,Tsunoda,1264,TSU,9951,4781D7,Red Bull Racing
M VERSTAPPEN,,1,Max,Max VERSTAPPEN,Verstappen,1264,VER,9955,4781D7,Red Bull Racing
Y TSUNODA,,22,Yuki,Yuki TSUNODA,Tsunoda,1264,TSU,9955,4781D7,Red Bull Racing
M VERSTAPPEN,,1,Max,Max VERSTAPPEN,Verstappen,1265,VER,9929,4781D7,Red Bull Racing
Y TSUNODA,,22,Yuki,Yuki TSUNODA,Tsunoda,1265,TSU,9929,4781D7,Red Bull Racing
M VERSTAPPEN,,1,Max,Max VERSTAPPEN,Verstappen,1265,VER,9930,4781D7,Red Bull Racing
Y TSUNODA,,22,Yuki,Yuki TSUNODA,Tsunoda,1265,TSU,9930,4781D7,Red Bull Racing
M VERSTAPPEN,,1,Max,Max VERSTAPPEN,Verstappen,1265,VER,9934,4781D7,Red Bull Racing
Y TSUNODA,,22,Yuki,Yuki TSUNODA,Tsunoda,1265,TSU,9934,4781D7,Red Bull Racing
M VERSTAPPEN,,1,Max,Max VERSTAPPEN,Verstappen,1265,VER,9935,4781D7,Red Bull Racing
Y TSUNODA,,22,Yuki,Yuki TSUNODA,Tsunoda,1265,TSU,9935,4781D7,Red Bull Racing
M VERSTAPPEN,,1,Max,Max VERSTAPPEN,Verstappen,1265,VER,9939,4781D7,Red Bull Racing
Y TSUNODA,,22,Yuki,Yuki TSUNODA,Tsunoda,1265,TSU,9939,4781D7,Red Bull Racing
M VERSTAPPEN,,1,Max,Max VERSTAPPEN,Verstappen,1266,VER,9921,4781D7,Red Bull Racing
Y TSUNODA,,22,Yuki,Yuki TSUNODA,Tsunoda,1266,TSU,9921,4781D7,Red Bull Racing
M VERSTAPPEN,,1,Max,Max VERSTAPPEN,Verstappen,1266,VER,9922,4781D7,Red Bull Racing
Y TSUNODA,,22,Yuki,Yuki TSUNODA,Tsunoda,1266,TSU,9922,4781D7,Red Bull Racing
M VERSTAPPEN,,1,Max,Max VERSTAPPEN,Verstappen,1266,VER,9923,4781D7,Red Bull Racing
Y TSUNODA,,22,Yuki,Yuki TSUNODA,Tsunoda,1266,TSU,9923,4781D7,Red Bull Racing
M VERSTAPPEN,,1,Max,Max VERSTAPPEN,Verstappen,1266,VER,9924,4781D7,Red Bull Racing
Y TSUNODA,,22,Yuki,Yuki TSUNODA,Tsunoda,1266,TSU,9924,4781D7,Red Bull Racing
M VERSTAPPEN,,1,Max,Max VERSTAPPEN,Verstappen,1266,VER,9928,4781D7,Red Bull Racing
Y TSUNODA,,22,Yuki,Yuki TSUNODA,Tsunoda,1266,TSU,9928,4781D7,Red Bull Racing
M VERSTAPPEN,,1,Max,Max VERSTAPPEN,Verstappen,1267,VER,9913,4781D7,Red Bull Racing
Y TSUNODA,,22,Yuki,Yuki TSUNODA,Tsunoda,1267,TSU,9913,4781D7,Red Bull Racing
M VERSTAPPEN,,1,Max,Max VERSTAPPEN,Verstappen,1267,VER,9914,4781D7,Red Bull Racing
Y TSUNODA,,22,Yuki,Yuki TSUNODA,Tsunoda,1267,TSU,9914,4781D7,Red Bull Racing
M VERSTAPPEN,,1,Max,Max VERSTAPPEN,Verstappen,1267,VER,9915,4781D7,Red Bull Racing
Y TSUNODA,,22,Yuki,Yuki TSUNODA,Tsunoda,1267,TSU,9915,4781D7,Red Bull Racing
M VERSTAPPEN,,1,Max,Max VERSTAPPEN,Verstappen,1267,VER,9916,4781D7,Red Bull Racing
Y TSUNODA,,22,Yuki,Yuki TSUNODA,Tsunoda,1267,TSU,9916,4781D7,Red Bull Racing
M VERSTAPPEN,,1,Max,Max VERSTAPPEN,Verstappen,1267,VER,9920,4781D7,Red Bull Racing
Y TSUNODA,,22,Yuki,Yuki TSUNODA,Tsunoda,1267,TSU,9920,4781D7,Red Bull Racing
M VERSTAPPEN,,1,Max,Max VERSTAPPEN,Verstappen,1268,VER,9905,4781D7,Red Bull Racing
Y TSUNODA,,22,Yuki,Yuki TSUNODA,Tsunoda,1268,TSU,9905,4781D7,Red Bull Racing
M VERSTAPPEN,,1,Max,Max VERSTAPPEN,Verstappen,1268,VER,9906,4781D7,Red Bull Racing
Y TSUNODA,,22,Yuki,Yuki TSUNODA,Tsunoda,1268,TSU,9906,4781D7,Red Bull Racing
M VERSTAPPEN,,1,Max,Max VERSTAPPEN,Verstappen,1268,VER,9907,4781D7,Red Bull Racing
Y TSUNODA,,22,Yuki,Yuki TSUNODA,Tsunoda,1268,TSU,9907,4781D7,Red Bull Racing
M VERSTAPPEN,,1,Max,Max VERSTAPPEN,Verstappen,1268,VER,9908,4781D7,Red Bull Racing
Y TSUNODA,,22,Yuki,Yuki TSUNODA,Tsunoda,1268,TSU,9908,4781D7,Red Bull Racing
M VERSTAPPEN,,1,Max,Max VERSTAPPEN,Verstappen,1268,VER,9912,4781D7,Red Bull Racing
Y TSUNODA,,22,Yuki,Yuki TSUNODA,Tsunoda,1268,TSU,9912,4781D7,Red Bull Racing
M VERSTAPPEN,,1,Max,Max VERSTAPPEN,Verstappen,1269,VER,9897,4781D7,Red Bull Racing
Y TSUNODA,,22,Yuki,Yuki TSUNODA,Tsunoda,1269,TSU,9897,4781D7,Red Bull Racing
M VERSTAPPEN,,1,Max,Max VERSTAPPEN,Verstappen,1269,VER,9898,4781D7,Red Bull Racing
Y TSUNODA,,22,Yuki,Yuki TSUNODA,Tsunoda,1269,TSU,9898,4781D7,Red Bull Racing
M VERSTAPPEN,,1,Max,Max VERSTAPPEN,Verstappen,1269,VER,9899,4781D7,Red Bull Racing
Y TSUNODA,,22,Yuki,Yuki TSUNODA,Tsunoda,1269,TSU,9899,4781D7,Red Bull Racing
M VERSTAPPEN,,1,Max,Max VERSTAPPEN,Verstappen,1269,VER,9900,4781D7,Red Bull Racing
Y TSUNODA,,22,Yuki,Yuki TSUNODA,Tsunoda,1269,TSU,9900,4781D7,Red Bull Racing
M VERSTAPPEN,,1,Max,Max VERSTAPPEN,Verstappen,1269,VER,9904,4781D7,Red Bull Racing
Y TSUNODA,,22,Yuki,Yuki TSUNODA,Tsunoda,1269,TSU,9904,4781D7,Red Bull Racing
M VERSTAPPEN,,1,Max,Max VERSTAPPEN,Verstappen,1270,VER,9889,4781D7,Red Bull Racing
Y TSUNODA,,22,Yuki,Yuki TSUNODA,Tsunoda,1270,TSU,9889,4781D7,Red Bull Racing
M VERSTAPPEN,,1,Max,Max VERSTAPPEN,Verstappen,1270,VER,9890,4781D7,Red Bull Racing
Y TSUNODA,,22,Yuki,Yuki TSUNODA,Tsunoda,1270,TSU,9890,4781D7,Red Bull Racing
M VERSTAPPEN,,1,Max,Max VERSTAPPEN,Verstappen,1270,VER,9891,4781D7,Red Bull Racing
Y TSUNODA,,22,Yuki,Yuki TSUNODA,Tsunoda,1270,TSU,9891,4781D7,Red Bull Racing
M VERSTAPPEN,,1,Max,Max VERSTAPPEN,Verstappen,1270,VER,9892,4781D7,Red Bull Racing
Y TSUNODA,,22,Yuki,Yuki TSUNODA,Tsunoda,1270,TSU,9892,4781D7,Red Bull Racing
M VERSTAPPEN,,1,Max,Max VERSTAPPEN,Verstappen,1270,VER,9896,4781D7,Red Bull Racing
Y TSUNODA,,22,Yuki,Yuki TSUNODA,Tsunoda,1270,TSU,9896,4781D7,Red Bull Racing
M VERSTAPPEN,,1,Max,Max VERSTAPPEN,Verstappen,1271,VER,9878,4781D7,Red Bull Racing
Y TSUNODA,,22,Yuki,Yuki TSUNODA,Tsunoda,1271,TSU,9878,4781D7,Red Bull Racing
M VERSTAPPEN,,1,Max,Max VERSTAPPEN,Verstappen,1271,VER,9879,4781D7,Red Bull Racing
Y TSUNODA,,22,Yuki,Yuki TSUNODA,Tsunoda,1271,TSU,9879,4781D7,Red Bull Racing
M VERSTAPPEN,,1,Max,Max VERSTAPPEN,Verstappen,1271,VER,9883,4781D7,Red Bull Racing
Y TSUNODA,,22,Yuki,Yuki TSUNODA,Tsunoda,1271,TSU,9883,4781D7,Red Bull Racing
M VERSTAPPEN,,1,Max,Max VERSTAPPEN,Verstappen,1271,VER,9884,4781D7,Red Bull Racing
Y TSUNODA,,22,Yuki,Yuki TSUNODA,Tsunoda,1271,TSU,9884,4781D7,Red Bull Racing
M VERSTAPPEN,,1,Max,Max VERSTAPPEN,Verstappen,1271,VER,9888,4781D7,Red Bull Racing
Y TSUNODA,,22,Yuki,Yuki TSUNODA,Tsunoda,1271,TSU,9888,4781D7,Red Bull Racing
Y TSUNODA,,22,Yuki,Yuki TSUNODA,Tsunoda,1272,TSU,9870,4781D7,Red Bull Racing
A LINDBLAD,,36,Arvid,Arvid LINDBLAD,Lindblad,1272,LIN,9870,4781D7,Red Bull Racing
M VERSTAPPEN,,1,Max,Max VERSTAPPEN,Verstappen,1272,VER,9871,4781D7,Red Bull Racing
Y TSUNODA,,22,Yuki,Yuki TSUNODA,Tsunoda,1272,TSU,9871,4781D7,Red Bull Racing
M VERSTAPPEN,,1,Max,Max VERSTAPPEN,Verstappen,1272,VER,9872,4781D7,Red Bull Racing
Y TSUNODA,,22,Yuki,Yuki TSUNODA,Tsunoda,1272,TSU,9872,4781D7,Red Bull Racing
M VERSTAPPEN,,1,Max,Max VERSTAPPEN,Verstappen,1272,VER,9873,4781D7,Red Bull Racing
Y TSUNODA,,22,Yuki,Yuki TSUNODA,Tsunoda,1272,TSU,9873,4781D7,Red Bull Racing
M VERSTAPPEN,,1,Max,Max VERSTAPPEN,Verstappen,1272,VER,9877,4781D7,Red Bull Racing
Y TSUNODA,,22,Yuki,Yuki TSUNODA,Tsunoda,1272,TSU,9877,4781D7,Red Bull Racing
M VERSTAPPEN,,1,Max,Max VERSTAPPEN,Verstappen,1273,VER,9859,4781D7,Red Bull Racing
Y TSUNODA,,22,Yuki,Yuki TSUNODA,Tsunoda,1273,TSU,9859,4781D7,Red Bull Racing
M VERSTAPPEN,,1,Max,Max VERSTAPPEN,Verstappen,1273,VER,9860,4781D7,Red Bull Racing
Y TSUNODA,,22,Yuki,Yuki TSUNODA,Tsunoda,1273,TSU,9860,4781D7,Red Bull Racing
M VERSTAPPEN,,1,Max,Max VERSTAPPEN,Verstappen,1273,VER,9864,4781D7,Red Bull Racing
Y TSUNODA,,22,Yuki,Yuki TSUNODA,Tsunoda,1273,TSU,9864,4781D7,Red Bull Racing
M VERSTAPPEN,,1,Max,Max VERSTAPPEN,Verstappen,1273,VER,9865,4781D7,Red Bull Racing
Y TSUNODA,,22,Yuki,Yuki TSUNODA,Tsunoda,1273,TSU,9865,4781D7,Red Bull Racing
M VERSTAPPEN,,1,Max,Max VERSTAPPEN,Verstappen,1273,VER,9869,4781D7,Red Bull Racing
Y TSUNODA,,22,Yuki,Yuki TSUNODA,Tsunoda,1273,TSU,9869,4781D7,Red Bull Racing
M VERSTAPPEN,,1,Max,Max VERSTAPPEN,Verstappen,1274,VER,9851,4781D7,Red Bull Racing
Y TSUNODA,,22,Yuki,Yuki TSUNODA,Tsunoda,1274,TSU,9851,4781D7,Red Bull Racing
M VERSTAPPEN,,1,Max,Max VERSTAPPEN,Verstappen,1274,VER,9852,4781D7,Red Bull Racing
Y TSUNODA,,22,Yuki,Yuki TSUNODA,Tsunoda,1274,TSU,9852,4781D7,Red Bull Racing
M VERSTAPPEN,,1,Max,Max VERSTAPPEN,Verstappen,1274,VER,9853,4781D7,Red Bull Racing
Y TSUNODA,,22,Yuki,Yuki TSUNODA,Tsunoda,1274,TSU,9853,4781D7,Red Bull Racing
M VERSTAPPEN,,1,Max,Max VERSTAPPEN,Verstappen,1274,VER,9854,4781D7,Red Bull Racing
Y TSUNODA,,22,Yuki,Yuki TSUNODA,Tsunoda,1274,TSU,9854,4781D7,Red Bull Racing
M VERSTAPPEN,,1,Max,Max VERSTAPPEN,Verstappen,1274,VER,9858,4781D7,Red Bull Racing
Y TSUNODA,,22,Yuki,Yuki TSUNODA,Tsunoda,1274,TSU,9858,4781D7,Red Bull Racing
M VERSTAPPEN,,1,Max,Max VERSTAPPEN,Verstappen,1275,VER,9840,4781D7,Red Bull Racing
Y TSUNODA,,22,Yuki,Yuki TSUNODA,Tsunoda,1275,TSU,9840,4781D7,Red Bull Racing
M VERSTAPPEN,,1,Max,Max VERSTAPPEN,Verstappen,1275,VER,9841,4781D7,Red Bull Racing
Y TSUNODA,,22,Yuki,Yuki TSUNODA,Tsunoda,1275,TSU,9841,4781D7,Red Bull Racing
M VERSTAPPEN,,1,Max,Max VERSTAPPEN,Verstappen,1275,VER,9845,4781D7,Red Bull Racing
Y TSUNODA,,22,Yuki,Yuki TSUNODA,Tsunoda,1275,TSU,9845,4781D7,Red Bull Racing
M VERSTAPPEN,,1,Max,Max VERSTAPPEN,Verstappen,1275,VER,9846,4781D7,Red Bull Racing
Y TSUNODA,,22,Yuki,Yuki TSUNODA,Tsunoda,1275,TSU,9846,4781D7,Red Bull Racing
M VERSTAPPEN,,1,Max,Max VERSTAPPEN,Verstappen,1275,VER,9850,4781D7,Red Bull Racing
Y TSUNODA,,22,Yuki,Yuki TSUNODA,Tsunoda,1275,TSU,9850,4781D7,Red Bull Racing
M VERSTAPPEN,,1,Max,Max VERSTAPPEN,Verstappen,1276,VER,9832,4781D7,Red Bull Racing
A LINDBLAD,,36,Arvid,Arvid LINDBLAD,Lindblad,1276,LIN,9832,4781D7,Red Bull Racing
M VERSTAPPEN,,1,Max,Max VERSTAPPEN,Verstappen,1276,VER,9833,4781D7,Red Bull Racing
Y TSUNODA,,22,Yuki,Yuki TSUNODA,Tsunoda,1276,TSU,9833,4781D7,Red Bull Racing
M VERSTAPPEN,,1,Max,Max VERSTAPPEN,Verstappen,1276,VER,9834,4781D7,Red Bull Racing
Y TSUNODA,,22,Yuki,Yuki TSUNODA,Tsunoda,1276,TSU,9834,4781D7,Red Bull Racing
M VERSTAPPEN,,1,Max,Max VERSTAPPEN,Verstappen,1276,VER,9835,4781D7,Red Bull Racing
Y TSUNODA,,22,Yuki,Yuki TSUNODA,Tsunoda,1276,TSU,9835,4781D7,Red Bull Racing
M VERSTAPPEN,,1,Max,Max VERSTAPPEN,Verstappen,1276,VER,9839,4781D7,Red Bull Racing
Y TSUNODA,,22,Yuki,Yuki TSUNODA,Tsunoda,1276,TSU,9839,4781D7,Red Bull Racing
M VERSTAPPEN,,1,Max,Max VERSTAPPEN,Verstappen,1277,VER,9940,4781D7,Red Bull Racing
A LINDBLAD,,36,Arvid,Arvid LINDBLAD,Lindblad,1277,LIN,9940,4781D7,Red Bull Racing
M VERSTAPPEN,,1,Max,Max VERSTAPPEN,Verstappen,1277,VER,9941,4781D7,Red Bull Racing
Y TSUNODA,,22,Yuki,Yuki TSUNODA,Tsunoda,1277,TSU,9941,4781D7,Red Bull Racing
M VERSTAPPEN,,1,Max,Max VERSTAPPEN,Verstappen,1277,VER,9942,4781D7,Red Bull Racing
Y TSUNODA,,22,Yuki,Yuki TSUNODA,Tsunoda,1277,TSU,9942,4781D7,Red Bull Racing
M VERSTAPPEN,,1,Max,Max VERSTAPPEN,Verstappen,1277,VER,9943,4781D7,Red Bull Racing
Y TSUNODA,,22,Yuki,Yuki TSUNODA,Tsunoda,1277,TSU,9943,4781D7,Red Bull Racing
M VERSTAPPEN,,1,Max,Max VERSTAPPEN,Verstappen,1277,VER,9947,4781D7,Red Bull Racing
Y TSUNODA,,22,Yuki,Yuki TSUNODA,Tsunoda,1277,TSU,9947,4781D7,Red Bull Racing
M VERSTAPPEN,,3,Max,Max VERSTAPPEN,Verstappen,1304,VER,11465,4781D7,Red Bull Racing
I HADJAR,,6,Isack,Isack HADJAR,Hadjar,1304,HAD,11465,4781D7,Red Bull Racing
M VERSTAPPEN,,3,Max,Max VERSTAPPEN,Verstappen,1304,VER,11466,4781D7,Red Bull Racing
I HADJAR,,6,Isack,Isack HADJAR,Hadjar,1304,HAD,11466,4781D7,Red Bull Racing
M VERSTAPPEN,,3,Max,Max VERSTAPPEN,Verstappen,1304,VER,11467,4781D7,Red Bull Racing
I HADJAR,,6,Isack,Isack HADJAR,Hadjar,1304,HAD,11467,4781D7,Red Bull Racing
M VERSTAPPEN,,3,Max,Max VERSTAPPEN,Verstappen,1305,VER,11468,4781D7,Red Bull Racing
I HADJAR,,6,Isack,Isack HADJAR,Hadjar,1305,HAD,11468,4781D7,Red Bull Racing
M VERSTAPPEN,,3,Max,Max VERSTAPPEN,Verstappen,1305,VER,11469,4781D7,Red Bull Racing
I HADJAR,,6,Isack,Isack HADJAR,Hadjar,1305,HAD,11469,4781D7,Red Bull Racing
M VERSTAPPEN,,3,Max,Max VERSTAPPEN,Verstappen,1305,VER,11470,4781D7,Red Bull Racing
I HADJAR,,6,Isack,Isack HADJAR,Hadjar,1305,HAD,11470,4781D7,Red Bull Racing
